<?xml version="1.0" encoding="utf-8"?>
<extension version="3.5" type="template" client="site">
    <name>skilful_okonshchik</name>
    <creationDate>09 октября 2016</creationDate>
    <author>KoJIeK</author>
    <authorEmail>admin@yandex.ru</authorEmail>
    <copyright>(C) Kolya 2016. All rights reserved.</copyright>
    <version>0.5.0</version>
    <description>Шаблон сайта Опытный оконщик</description>
 
    <files>
        <folder>css</folder>
        <folder>images</folder>        
        <folder>js</folder>	
        <filename>index.html</filename>
        <filename>index.php</filename>
        <filename>error.php</filename>
        <filename>templateDetails.xml</filename>
        <filename>template_preview.png</filename>
        <filename>template_thumbnail.png</filename>
        <filename>favicon.ico</filename>       
    </files>
    <positions>
        <position>Energo</position>                
        <position>Podokon</position>
        <position>otkosy</position>
        <position>setki</position>
        <position>jaluzi</position>
        <position>rolstavni</position>
        <position>vorota</position>
        <position>disigne</position>
        <position>soveti</position>
        <position>galary</position>
        <position>humor</position>
        <position>soveti</position>
        <position>write</position>
        <position>footer</position>
        <position>left</position>
        <position>banner</position>
        <position>second_menu</position>
        <position>main_menu</position>
        
        <position>slider</position>
    </positions>
</extension>